{"cameraMode":{"drawMode":0,"name":"Shaded","section":"Shading Mode"},"sceneLighting":true,"audioPlay":false,"sceneViewState":{"showFog":true,"showMaterialUpdate":false,"showSkybox":true,"showFlares":true,"showImageEffects":true,"showParticleSystems":true},"in2DMode":false,"pivot":{"x":17.040828704833986,"y":5.16121768951416,"z":23.01430320739746},"rotation":{"x":0.2268282175064087,"y":0.6856709122657776,"z":-0.23970015347003938,"w":0.6488268375396729},"size":518.1937255859375,"orthographic":false}